Date,Region,Salesperson,Product,Units Sold,Revenue,Cost,Profit
2024-01-03,North,Alice Johnson,Widget Pro,42,8400.00,3360.00,5040.00
2024-01-05,South,Bob Smith,Gadget Plus,18,5400.00,2160.00,3240.00
2024-01-08,East,Carol White,Widget Pro,55,11000.00,4400.00,6600.00
2024-01-10,West,Dave Brown,Service Pack,12,3600.00,720.00,2880.00
2024-01-12,North,Eve Davis,Gadget Plus,30,9000.00,3600.00,5400.00
2024-01-15,South,Frank Lee,Widget Pro,25,5000.00,2000.00,3000.00
2024-01-18,East,Grace Kim,Service Pack,8,2400.00,480.00,1920.00
2024-01-20,West,Henry Chen,Gadget Plus,40,12000.00,4800.00,7200.00
2024-01-22,North,Irene Park,Widget Pro,33,6600.00,2640.00,3960.00
2024-01-25,South,Jake Wu,Service Pack,15,4500.00,900.00,3600.00
2024-02-01,East,Alice Johnson,Gadget Plus,28,8400.00,3360.00,5040.00
2024-02-04,West,Bob Smith,Widget Pro,47,9400.00,3760.00,5640.00
2024-02-07,North,Carol White,Service Pack,20,6000.00,1200.00,4800.00
2024-02-10,South,Dave Brown,Gadget Plus,35,10500.00,4200.00,6300.00
2024-02-12,East,Eve Davis,Widget Pro,60,12000.00,4800.00,7200.00
2024-02-15,West,Frank Lee,Service Pack,10,3000.00,600.00,2400.00
2024-02-18,North,Grace Kim,Gadget Plus,22,6600.00,2640.00,3960.00
2024-02-20,South,Henry Chen,Widget Pro,38,7600.00,3040.00,4560.00
2024-02-22,East,Irene Park,Gadget Plus,45,13500.00,5400.00,8100.00
2024-02-25,West,Jake Wu,Widget Pro,19,3800.00,1520.00,2280.00
2024-03-01,North,Alice Johnson,Service Pack,6,1800.00,360.00,1440.00
2024-03-04,South,Bob Smith,Gadget Plus,50,15000.00,6000.00,9000.00
2024-03-07,East,Carol White,Widget Pro,29,5800.00,2320.00,3480.00
2024-03-10,West,Dave Brown,Service Pack,14,4200.00,840.00,3360.00
2024-03-12,North,Eve Davis,Gadget Plus,37,11100.00,4440.00,6660.00
2024-03-15,South,Frank Lee,Widget Pro,44,8800.00,3520.00,5280.00
2024-03-18,East,Grace Kim,Gadget Plus,26,7800.00,3120.00,4680.00
2024-03-20,West,Henry Chen,Service Pack,9,2700.00,540.00,2160.00
2024-03-22,North,Irene Park,Widget Pro,51,10200.00,4080.00,6120.00
2024-03-25,South,Jake Wu,Gadget Plus,32,9600.00,3840.00,5760.00
